{
  "tablet_portrait": {
    "switchHidden": true,
    "switch": {
      "x": 0,
      "y": 0,
      "w": 0,
      "h": 0,
      "cx": 0
    },
    "website": {
      "x": 39.02281951904297,
      "y": 492.0422668457031
    },
    "portfolio": {
      "x": 382.56903076171875,
      "y": 492.1914978027344
    },
    "columns": "331.5px 331.5px",
    "mobilePos": "bottom-center",
    "desktopPos": "top-right"
  },
  "tablet_landscape": {
    "switchHidden": true,
    "switch": {
      "x": 0,
      "y": 0,
      "w": 0,
      "h": 0,
      "cx": 0
    },
    "website": {
      "x": 161.00221252441406,
      "y": 347.6008605957031
    },
    "portfolio": {
      "x": 510.51373291015625,
      "y": 347.6377868652344
    },
    "columns": "337.5px 337.5px",
    "mobilePos": "bottom-center",
    "desktopPos": "top-right"
  },
  "desktop": {
    "switchHidden": true,
    "switch": {
      "x": 0,
      "y": 0,
      "w": 0,
      "h": 0,
      "cx": 0
    },
    "website": {
      "x": 372.00091552734375,
      "y": 348.1440124511719
    },
    "portfolio": {
      "x": 681.5079345703125,
      "y": 348.16943359375
    },
    "columns": "297.5px 297.5px",
    "mobilePos": "bottom-center",
    "desktopPos": "top-right"
  },
  "mobile": {
    "switchHidden": true,
    "switch": {
      "x": 0,
      "y": 0,
      "w": 0,
      "h": 0,
      "cx": 0
    },
    "website": {
      "x": 39.00599670410156,
      "y": 362.08355712890625
    },
    "portfolio": {
      "x": 39.025054931640625,
      "y": 501.0254821777344
    },
    "columns": "297px",
    "mobilePos": "bottom-center",
    "desktopPos": "top-right"
  }
}